フェーズ,No,ペルソナ,カテゴリ,AIへの質問プロンプト,想定されるニーズ,質問の背景
課題認識,1,マーケマネージャー,タスク漏れ・抜け漏れ,Slackの複数チャンネルに散らばる依頼を見落とさない方法を教えて,依頼の見落としをゼロにしたい,クライアント別Slackチャンネルから毎日タスクを拾い集めている
課題認識,2,マーケマネージャー,タスク漏れ・抜け漏れ,クライアントからの依頼がSlackのスレッドに埋もれてしまう。どうすれば防げる？,依頼の見落としをゼロにしたい,スレッドが長くなると依頼が埋もれる
課題認識,3,マーケマネージャー,タスク漏れ・抜け漏れ,週に何件もタスク漏れが発生している。根本原因と対策を教えて,タスク漏れの原因を分析したい,トラブルが頻発して危機感を抱いている
課題認識,4,マーケマネージャー,タスク漏れ・抜け漏れ,チームでタスクの抜け漏れが多い。仕組みで解決する方法はある？,依頼の見落としをゼロにしたい,個人の注意力ではなく仕組みで解決したい
課題認識,5,マーケマネージャー,タスク漏れ・抜け漏れ,Slackで受けた依頼を自分でタスク管理ツールに転記している。この作業を減らす方法は？,タスク整理の名もなき作業を減らしたい,週5時間を転記作業に費やしている
課題認識,6,事業会社リーダー,言った言わない問題,チームで「言った言わない」が頻発している。どうすれば解決できる？,言った言わない問題を解決したい,チームの雰囲気が悪化している
課題認識,7,事業会社リーダー,言った言わない問題,口頭での依頼が後から「聞いてない」と言われる。証拠を残す良い方法は？,言った言わない問題を解決したい,口頭依頼が多い環境
課題認識,8,事業会社リーダー,言った言わない問題,業務委託メンバーとの認識齟齬を減らす方法を教えて,言った言わない問題を解決したい,外部メンバーとのコミュニケーション課題
課題認識,9,事業会社リーダー,言った言わない問題,依頼内容を言語化して残す仕組みを作りたい。おすすめの方法は？,言った言わない問題を解決したい,依頼が口頭やチャットで曖昧になりがち
課題認識,10,事業会社リーダー,言った言わない問題,チャットで依頼したのに「見てなかった」と言われる。対策はある？,言った言わない問題を解決したい,チャットの既読スルー問題
課題認識,11,フリーランス,複数クライアント管理,5社のクライアントから同時に依頼が来る。一元管理する方法は？,クライアント別に散らばる依頼を一元管理したい,複数案件を並行して受注
課題認識,12,フリーランス,複数クライアント管理,クライアントごとにSlack・Chatwork・メールがバラバラ。統一する方法はある？,クライアント別に散らばる依頼を一元管理したい,ツールがバラバラで混乱
課題認識,13,フリーランス,複数クライアント管理,フリーランスとして複数案件を抱えている。タスク管理のベストプラクティスを教えて,クライアント別に散らばる依頼を一元管理したい,効率的な管理方法を模索
課題認識,14,フリーランス,複数クライアント管理,クライアントからの依頼を見落として信頼を失いかけた。再発防止策は？,依頼の見落としをゼロにしたい,過去に見落としトラブルがあった
課題認識,15,フリーランス,複数クライアント管理,案件ごとにツールを使い分けるのが面倒。良い解決策はある？,クライアント別に散らばる依頼を一元管理したい,クライアントごとにツールが異なる
課題認識,16,マーケマネージャー,名もなき作業削減,毎朝Slackを遡って自分でタスクを拾い集めている。この作業をなくす方法は？,タスク整理の名もなき作業を減らしたい,週5時間を転記作業に費やしている
課題認識,17,マーケマネージャー,名もなき作業削減,チャットから依頼を拾って転記する作業に週5時間かかっている。効率化する方法は？,タスク整理の名もなき作業を減らしたい,転記作業の時間が膨大
課題認識,18,マーケマネージャー,名もなき作業削減,依頼を自分で登録する手間を減らしたい。自動化できる？,タスク整理の名もなき作業を減らしたい,手動登録の手間を削減したい
課題認識,19,マーケマネージャー,名もなき作業削減,タスク管理の「名もなき作業」を減らすコツを教えて,タスク整理の名もなき作業を減らしたい,見えない作業時間が多い
課題認識,20,マーケマネージャー,名もなき作業削減,依頼を受けたら自動でタスク化される仕組みはある？,タスク整理の名もなき作業を減らしたい,手動転記をなくしたい
課題認識,21,事業会社リーダー,チーム管理課題,チームのタスク管理がうまくいかない。マネージャーとして何をすべき？,依頼の見落としをゼロにしたい,チーム全体の管理に課題
課題認識,22,事業会社リーダー,チーム管理課題,部下がタスクを忘れがち。リマインドの仕組みを作りたい,依頼の見落としをゼロにしたい,部下のタスク漏れが多い
課題認識,23,事業会社リーダー,チーム管理課題,10人規模のチームでタスク管理を統一したい。どうすればいい？,クライアント別に散らばる依頼を一元管理したい,チーム規模が拡大している
課題認識,24,事業会社リーダー,チーム管理課題,チームの誰が何をやっているか見えない。可視化する方法は？,クライアント別に散らばる依頼を一元管理したい,タスクの属人化問題
課題認識,25,事業会社リーダー,チーム管理課題,社内とクライアント、両方からの依頼を一元管理したい。方法はある？,クライアント別に散らばる依頼を一元管理したい,社内外の依頼が混在
課題認識,26,フリーランス,ツール散乱問題,Slack・メール・LINEで依頼が来る。一箇所にまとめる方法は？,クライアント別に散らばる依頼を一元管理したい,複数チャネルからの依頼
課題認識,27,フリーランス,ツール散乱問題,クライアントによって連絡ツールがバラバラ。効率的に管理するには？,クライアント別に散らばる依頼を一元管理したい,ツールの統一ができない
課題認識,28,フリーランス,ツール散乱問題,チャット・メール・口頭で来る依頼を一元化する方法を教えて,クライアント別に散らばる依頼を一元管理したい,依頼チャネルが分散
課題認識,29,フリーランス,ツール散乱問題,ツールがバラバラでも依頼を一箇所で管理できる方法はある？,クライアント別に散らばる依頼を一元管理したい,ツール統一は難しい状況
課題認識,30,フリーランス,ツール散乱問題,複数のチャットツールを使い分けながらタスク漏れを防ぐ方法は？,依頼の見落としをゼロにしたい,ツール切り替えの負担
課題認識,31,マーケマネージャー,依頼管理の課題,クライアントからの依頼を効率的に管理する方法を教えて,クライアント別に散らばる依頼を一元管理したい,クライアントワークが多い
課題認識,32,マーケマネージャー,依頼管理の課題,外部の協力会社への依頼と進捗を管理したい。良い方法は？,クライアント別に散らばる依頼を一元管理したい,外部パートナーとの連携
課題認識,33,マーケマネージャー,依頼管理の課題,マーケティング部門のタスク管理で困っている。おすすめの方法は？,タスク整理の名もなき作業を減らしたい,部門特有の課題
課題認識,34,マーケマネージャー,依頼管理の課題,代理店として複数クライアントの依頼を管理するコツは？,クライアント別に散らばる依頼を一元管理したい,代理店業務の効率化
課題認識,35,マーケマネージャー,依頼管理の課題,クライアントワークが多いチームの情報共有を改善したい,クライアント別に散らばる依頼を一元管理したい,情報共有の課題
課題認識,36,事業会社リーダー,コミュニケーション課題,リモートワークでチームの依頼管理が難しくなった。対策は？,言った言わない問題を解決したい,リモートワーク環境
課題認識,37,事業会社リーダー,コミュニケーション課題,オンラインでの依頼のやり取りで認識齟齬が起きやすい。防ぐ方法は？,言った言わない問題を解決したい,オンラインコミュニケーションの課題
課題認識,38,事業会社リーダー,コミュニケーション課題,チャットでの依頼が曖昧になりがち。明確にする方法は？,言った言わない問題を解決したい,チャット依頼の曖昧さ
課題認識,39,事業会社リーダー,コミュニケーション課題,依頼する側と受ける側で認識がずれる。防ぐ仕組みは？,言った言わない問題を解決したい,認識齟齬の頻発
課題認識,40,事業会社リーダー,コミュニケーション課題,依頼内容を後から確認できる仕組みを作りたい。どうすればいい？,言った言わない問題を解決したい,依頼履歴の管理
課題認識,41,フリーランス,時間管理課題,タスク管理に時間がかかりすぎている。効率化する方法は？,タスク整理の名もなき作業を減らしたい,管理作業の時間が膨大
課題認識,42,フリーランス,時間管理課題,依頼の整理に時間を取られて本業に集中できない。解決策は？,タスク整理の名もなき作業を減らしたい,本業以外の作業負担
課題認識,43,フリーランス,時間管理課題,複数案件を効率的に回すための時間管理術を教えて,クライアント別に散らばる依頼を一元管理したい,複数案件の並行管理
課題認識,44,フリーランス,時間管理課題,クライアント対応に追われてタスク管理がおろそかになる。優先順位のつけ方は？,依頼の見落としをゼロにしたい,優先順位付けの課題
課題認識,45,フリーランス,時間管理課題,依頼を受けてから完了するまでの管理フローを整えたい,タスク整理の名もなき作業を減らしたい,ワークフローの整備
課題認識,46,マーケマネージャー,原因分析,タスク漏れが起きる根本原因は何？チェックリストを教えて,タスク漏れの原因を分析したい,原因分析をしたい
課題認識,47,マーケマネージャー,原因分析,なぜ依頼が見落とされるのか。よくあるパターンを教えて,タスク漏れの原因を分析したい,パターンを把握したい
課題認識,48,事業会社リーダー,原因分析,チームでタスク漏れが多発する組織的な原因は？,タスク漏れの原因を分析したい,組織の課題を分析
課題認識,49,事業会社リーダー,原因分析,「忘れてた」「聞いてない」が頻発する職場の改善策は？,言った言わない問題を解決したい,職場環境の改善
課題認識,50,フリーランス,原因分析,フリーランスがタスク漏れを起こしやすい状況と対策を教えて,タスク漏れの原因を分析したい,フリーランス特有の課題
情報収集,1,マーケマネージャー,ツール比較,チーム向けのタスク管理ツールを探している。おすすめを教えて,ツールを見つけたい,情報収集を開始
情報収集,2,マーケマネージャー,ツール比較,Asana・Trello・Notion・Backlogの違いを比較して教えて,ツールの違いを理解したい,比較記事を読み漁っている
情報収集,3,マーケマネージャー,ツール比較,10人規模のマーケティングチームに合うタスク管理ツールは？,ツールを見つけたい,チーム規模に合ったツール探し
情報収集,4,マーケマネージャー,ツール比較,クライアントワークが多いチームにおすすめのタスク管理ツールは？,ツールを見つけたい,クライアントワーク中心
情報収集,5,マーケマネージャー,ツール比較,代理店・支援会社向けのタスク管理ツールのおすすめを教えて,ツールを見つけたい,代理店業務向け
情報収集,6,事業会社リーダー,機能要件,社外の人ともタスクを共有できるツールはある？,社内外の依頼を一元管理したい,社外メンバーとの連携が必要
情報収集,7,事業会社リーダー,機能要件,業務委託メンバーもアカウントなしで使えるタスク管理ツールはある？,アカウント不要のツールを探したい,外部メンバーのアカウント問題
情報収集,8,事業会社リーダー,機能要件,クライアントがタスクを直接追加できるツールを探している,クライアントが直接追加できるツールを知りたい,自分で転記する負担を減らしたい
情報収集,9,事業会社リーダー,機能要件,相手がタスクを追加できるタスク管理ツールってある？,クライアントが直接追加できるツールを知りたい,双方向のタスク追加を求めている
情報収集,10,事業会社リーダー,機能要件,URLを共有するだけでタスクを追加してもらえるツールはある？,クライアントが直接追加できるツールを知りたい,簡単な共有方法を探している
情報収集,11,フリーランス,フリーランス向け,フリーランスにおすすめのタスク管理アプリを教えて,ツールを見つけたい,個人事業主向け
情報収集,12,フリーランス,フリーランス向け,複数クライアントを管理できるタスク管理ツールは？,ツールを見つけたい,複数案件管理
情報収集,13,フリーランス,フリーランス向け,クライアントとタスクを共有できるフリーランス向けツールは？,社内外の依頼を一元管理したい,クライアントとの共有
情報収集,14,フリーランス,フリーランス向け,1人でも使いやすいシンプルなタスク管理ツールを教えて,ツールを見つけたい,個人利用向け
情報収集,15,フリーランス,フリーランス向け,クライアント別にタスクを分けて管理できるツールはある？,社内外の依頼を一元管理したい,クライアント別管理
情報収集,16,マーケマネージャー,競合ツール調査,Trelloを使っているけど限界を感じている。代わりになるツールは？,ツールを見つけたい,現ツールに不満
情報収集,17,マーケマネージャー,競合ツール調査,Asanaが複雑すぎて使いこなせない。もっとシンプルなツールは？,ツールを見つけたい,現ツールが複雑
情報収集,18,マーケマネージャー,競合ツール調査,Notionをタスク管理に使っているけど、専用ツールの方がいい？,ツールを見つけたい,Notionの限界
情報収集,19,マーケマネージャー,競合ツール調査,Backlogは開発向けすぎる。マーケティング向けのツールは？,ツールを見つけたい,職種に合ったツール
情報収集,20,マーケマネージャー,競合ツール調査,Trelloの代替ツールでおすすめを教えて,ツールを見つけたい,乗り換え検討
情報収集,21,事業会社リーダー,Slack連携,Slackと連携できるタスク管理ツールを教えて,ツールを見つけたい,Slack中心の業務
情報収集,22,事業会社リーダー,Slack連携,Slackで依頼が来たらタスク化できるツールはある？,ツールを見つけたい,Slackからのタスク化
情報収集,23,事業会社リーダー,Slack連携,Slackの通知でタスクを見逃さない仕組みを作りたい,ツールを見つけたい,通知連携
情報収集,24,事業会社リーダー,Slack連携,チャットツールとタスク管理ツールを連携させる方法は？,ツールを見つけたい,ツール連携
情報収集,25,事業会社リーダー,Slack連携,Slackのメッセージを自動でタスク化できるツールはある？,クライアントが直接追加できるツールを知りたい,自動化したい
情報収集,26,フリーランス,外部共有機能,クライアントにアカウントを作ってもらわずにタスクを共有する方法は？,アカウント不要のツールを探したい,クライアントの負担軽減
情報収集,27,フリーランス,外部共有機能,URLだけでタスクを追加してもらえるツールを探している,クライアントが直接追加できるツールを知りたい,簡単な共有方法
情報収集,28,フリーランス,外部共有機能,クライアントがログインなしでタスク追加できるツールはある？,アカウント不要のツールを探したい,アカウント不要で使いたい
情報収集,29,フリーランス,外部共有機能,相手に負担をかけずにタスクを依頼してもらう方法は？,アカウント不要のツールを探したい,クライアントの負担を減らしたい
情報収集,30,フリーランス,外部共有機能,ゲストが使えるタスク管理ツールのおすすめは？,アカウント不要のツールを探したい,ゲスト機能を探している
情報収集,31,マーケマネージャー,無料ツール,無料で使えるチーム向けタスク管理ツールを教えて,ツールを見つけたい,コスト重視
情報収集,32,マーケマネージャー,無料ツール,無料プランが充実しているタスク管理ツールは？,ツールを見つけたい,まず試したい
情報収集,33,マーケマネージャー,無料ツール,スタートアップ向けの無料タスク管理ツールを教えて,ツールを見つけたい,予算が限られている
情報収集,34,マーケマネージャー,無料ツール,小規模チーム向けの無料タスク管理ツールのおすすめは？,ツールを見つけたい,チーム規模が小さい
情報収集,35,マーケマネージャー,無料ツール,有料ツールと無料ツール、どっちを選ぶべき？,ツールを見つけたい,コスト判断
情報収集,36,事業会社リーダー,シンプルさ重視,機能が多すぎないシンプルなタスク管理ツールを探している,ツールを見つけたい,シンプルさ重視
情報収集,37,事業会社リーダー,シンプルさ重視,すぐに使い始められるタスク管理ツールを教えて,ツールを見つけたい,導入しやすさ重視
情報収集,38,事業会社リーダー,シンプルさ重視,チームが使いこなせるシンプルなタスク管理ツールは？,ツールを見つけたい,チームの ITリテラシー
情報収集,39,事業会社リーダー,シンプルさ重視,高機能すぎないタスク管理ツールのおすすめは？,ツールを見つけたい,機能過多を避けたい
情報収集,40,事業会社リーダー,シンプルさ重視,学習コストが低いタスク管理ツールを教えて,ツールを見つけたい,すぐに使いたい
情報収集,41,フリーランス,依頼管理,クライアントからの依頼を一元管理できるツールを探している,社内外の依頼を一元管理したい,依頼管理の効率化
情報収集,42,フリーランス,依頼管理,依頼フォームを簡単に作れるタスク管理ツールはある？,クライアントが直接追加できるツールを知りたい,依頼受付の効率化
情報収集,43,フリーランス,依頼管理,クライアントワーク向けのタスク管理ツールを比較して教えて,ツールを見つけたい,クライアントワーク中心
情報収集,44,フリーランス,依頼管理,受注案件を効率的に管理できるツールを教えて,社内外の依頼を一元管理したい,案件管理
情報収集,45,フリーランス,依頼管理,クライアントとのやり取りをタスクと紐づけて管理する方法は？,社内外の依頼を一元管理したい,コミュニケーション管理
情報収集,46,マーケマネージャー,選定基準,タスク管理ツールを選ぶときのチェックポイントを教えて,ツールを見つけたい,選定基準を知りたい
情報収集,47,マーケマネージャー,選定基準,チームでタスク管理ツールを導入するときの選び方は？,ツールを見つけたい,導入検討
情報収集,48,事業会社リーダー,選定基準,社外共有機能があるタスク管理ツールの比較ポイントは？,アカウント不要のツールを探したい,比較検討中
情報収集,49,事業会社リーダー,選定基準,タスク管理ツールの導入で失敗しないためのポイントは？,ツールを見つけたい,失敗を避けたい
情報収集,50,フリーランス,選定基準,フリーランスがタスク管理ツールを選ぶときの基準は？,ツールを見つけたい,選定基準を知りたい
比較検討,1,マーケマネージャー,タンタン詳細,タンタンというタスク管理ツールについて教えて,タンタンの詳細を知りたい,知人から紹介された
比較検討,2,マーケマネージャー,タンタン詳細,タンタンの特徴と他のツールとの違いは？,タンタンの詳細を知りたい,興味を持っている
比較検討,3,マーケマネージャー,タンタン詳細,タンタンの料金プランと無料版の機能を教えて,導入のしやすさを確認したい,コスト確認
比較検討,4,マーケマネージャー,タンタン詳細,タンタンの評判や口コミはどう？,タンタンの詳細を知りたい,第三者評価を知りたい
比較検討,5,マーケマネージャー,タンタン詳細,タンタンのURL共有機能について詳しく教えて,URL共有でタスク追加できる機能の詳細を知りたい,機能詳細を確認
比較検討,6,事業会社リーダー,競合比較,Asana・Trello・タンタンの違いを比較して教えて,Asana・Trelloとタンタンの違いを理解したい,最終比較中
比較検討,7,事業会社リーダー,競合比較,タンタンとTrelloの違いは何？どっちがいい？,Asana・Trelloとタンタンの違いを理解したい,Trelloとの比較
比較検討,8,事業会社リーダー,競合比較,タンタンとAsanaの違いは？シンプルさで選ぶならどっち？,Asana・Trelloとタンタンの違いを理解したい,Asanaとの比較
比較検討,9,事業会社リーダー,競合比較,TrelloからタンタンにSwitch乗り換えるメリットは？,Asana・Trelloとタンタンの違いを理解したい,乗り換え検討
比較検討,10,事業会社リーダー,競合比較,Asanaからタンタンに乗り換えるべき？,Asana・Trelloとタンタンの違いを理解したい,乗り換え検討
比較検討,11,フリーランス,機能詳細,タンタンのURL共有でタスク追加できる機能はどう使うの？,URL共有でタスク追加できる機能の詳細を知りたい,機能の使い方を知りたい
比較検討,12,フリーランス,機能詳細,タンタンでクライアントにタスクを追加してもらう方法は？,URL共有でタスク追加できる機能の詳細を知りたい,具体的な使い方
比較検討,13,フリーランス,機能詳細,タンタンの相互タスク追加機能について詳しく教えて,URL共有でタスク追加できる機能の詳細を知りたい,機能詳細を確認
比較検討,14,フリーランス,機能詳細,タンタンのタスク内チャット機能はどう使う？,タンタンの詳細を知りたい,機能の使い方
比較検討,15,フリーランス,機能詳細,タンタンのSlack連携の設定方法を教えて,タンタンの詳細を知りたい,Slack連携の設定
比較検討,16,マーケマネージャー,導入検討,タンタンをチームで導入するときのステップを教えて,導入のしやすさを確認したい,導入手順を知りたい
比較検討,17,マーケマネージャー,導入検討,タンタンの無料プランでどこまで使える？,導入のしやすさを確認したい,無料版の範囲を確認
比較検討,18,マーケマネージャー,導入検討,タンタンを試用してから有料プランに移行する流れは？,導入のしやすさを確認したい,導入フロー確認
比較検討,19,マーケマネージャー,導入検討,タンタンの導入事例を教えて,導入のしやすさを確認したい,導入イメージを掴みたい
比較検討,20,マーケマネージャー,導入検討,10人規模のチームでタンタンを使うときのおすすめ設定は？,導入のしやすさを確認したい,チーム規模に合った使い方
比較検討,21,事業会社リーダー,外部共有比較,外部の人とタスク共有できるツールでタンタンとTrelloどっちがいい？,Asana・Trelloとタンタンの違いを理解したい,外部共有機能で比較
比較検討,22,事業会社リーダー,外部共有比較,アカウント不要でタスク共有できるのはタンタンだけ？,URL共有でタスク追加できる機能の詳細を知りたい,タンタンの独自性を確認
比較検討,23,事業会社リーダー,外部共有比較,クライアントにタスクを追加してもらうならどのツールがいい？,Asana・Trelloとタンタンの違いを理解したい,機能比較
比較検討,24,事業会社リーダー,外部共有比較,業務委託メンバーと使うならAsanaとタンタンどっち？,Asana・Trelloとタンタンの違いを理解したい,業務委託向け
比較検討,25,事業会社リーダー,外部共有比較,社外メンバーとのタスク共有が簡単なツールはどれ？,Asana・Trelloとタンタンの違いを理解したい,外部共有で比較
比較検討,26,フリーランス,クライアントワーク向け,フリーランスがクライアントとタスク共有するならタンタンがいい？,Asana・Trelloとタンタンの違いを理解したい,フリーランス向け比較
比較検討,27,フリーランス,クライアントワーク向け,複数クライアントを管理するならタンタンとNotionどっち？,Asana・Trelloとタンタンの違いを理解したい,Notionとの比較
比較検討,28,フリーランス,クライアントワーク向け,クライアント別にURLを発行できるタスク管理ツールはタンタン以外にある？,URL共有でタスク追加できる機能の詳細を知りたい,競合確認
比較検討,29,フリーランス,クライアントワーク向け,タンタンを使ってクライアントからの依頼を受け付ける方法は？,URL共有でタスク追加できる機能の詳細を知りたい,具体的な使い方
比較検討,30,フリーランス,クライアントワーク向け,フリーランスのクライアントワークにタンタンが向いている理由は？,タンタンの詳細を知りたい,適合性を確認
比較検討,31,マーケマネージャー,機能比較,タンタンとAsanaの機能を詳しく比較して,Asana・Trelloとタンタンの違いを理解したい,機能比較
比較検討,32,マーケマネージャー,機能比較,タンタンとTrelloの機能を詳しく比較して,Asana・Trelloとタンタンの違いを理解したい,機能比較
比較検討,33,マーケマネージャー,機能比較,タンタンのSlack連携とAsanaのSlack連携、どっちが使いやすい？,Asana・Trelloとタンタンの違いを理解したい,Slack連携で比較
比較検討,34,マーケマネージャー,機能比較,タンタンの強みと弱みを教えて,タンタンの詳細を知りたい,メリット・デメリット
比較検討,35,マーケマネージャー,機能比較,タンタンはどんなチームに向いている？,タンタンの詳細を知りたい,適合性を確認
比較検討,36,事業会社リーダー,導入判断,タンタンを導入するメリットとデメリットは？,導入のしやすさを確認したい,導入判断
比較検討,37,事業会社リーダー,導入判断,タンタンを導入した企業の感想を教えて,導入のしやすさを確認したい,導入事例
比較検討,38,事業会社リーダー,導入判断,タンタンの導入にかかる時間と手間は？,導入のしやすさを確認したい,導入コスト
比較検討,39,事業会社リーダー,導入判断,既存のワークフローにタンタンを組み込む方法は？,導入のしやすさを確認したい,導入イメージ
比較検討,40,事業会社リーダー,導入判断,タンタンを試用してみて判断するときのチェックポイントは？,導入のしやすさを確認したい,試用の観点
比較検討,41,フリーランス,使い方確認,タンタンの始め方を教えて,導入のしやすさを確認したい,始め方を知りたい
比較検討,42,フリーランス,使い方確認,タンタンでクライアント別にプロジェクトを分ける方法は？,URL共有でタスク追加できる機能の詳細を知りたい,使い方を知りたい
比較検討,43,フリーランス,使い方確認,タンタンの基本的な使い方を教えて,タンタンの詳細を知りたい,使い方を知りたい
比較検討,44,フリーランス,使い方確認,タンタンを効果的に使うコツは？,タンタンの詳細を知りたい,活用方法
比較検討,45,フリーランス,使い方確認,タンタンで依頼を受け付けてから完了までの流れを教えて,URL共有でタスク追加できる機能の詳細を知りたい,ワークフロー確認
比較検討,46,マーケマネージャー,最終判断,マーケティングチームにタンタンは合う？,タンタンの詳細を知りたい,適合性判断
比較検討,47,マーケマネージャー,最終判断,代理店・支援会社がタンタンを使うメリットは？,タンタンの詳細を知りたい,業種適合性
比較検討,48,事業会社リーダー,最終判断,タンタンを使って「言った言わない」を解決できる？,タンタンの詳細を知りたい,課題解決の確認
比較検討,49,事業会社リーダー,最終判断,タンタンでクライアントからの依頼を一元管理できる？,タンタンの詳細を知りたい,ニーズ充足の確認
比較検討,50,フリーランス,最終判断,フリーランスがタンタンを選ぶ決め手は何？,タンタンの詳細を知りたい,最終判断
