No,ペルソナ,カテゴリ,AIへの質問プロンプト,想定されるニーズ,質問の背景
1,マーケマネージャー,タンタン詳細,タンタンというタスク管理ツールについて教えて,タンタンの詳細を知りたい,知人から紹介された
2,マーケマネージャー,タンタン詳細,タンタンの特徴と他のツールとの違いは？,タンタンの詳細を知りたい,興味を持っている
3,マーケマネージャー,タンタン詳細,タンタンの料金プランと無料版の機能を教えて,導入のしやすさを確認したい,コスト確認
4,マーケマネージャー,タンタン詳細,タンタンの評判や口コミはどう？,タンタンの詳細を知りたい,第三者評価を知りたい
5,マーケマネージャー,タンタン詳細,タンタンのURL共有機能について詳しく教えて,URL共有でタスク追加できる機能の詳細を知りたい,機能詳細を確認
6,事業会社リーダー,競合比較,Asana・Trello・タンタンの違いを比較して教えて,Asana・Trelloとタンタンの違いを理解したい,最終比較中
7,事業会社リーダー,競合比較,タンタンとTrelloの違いは何？どっちがいい？,Asana・Trelloとタンタンの違いを理解したい,Trelloとの比較
8,事業会社リーダー,競合比較,タンタンとAsanaの違いは？シンプルさで選ぶならどっち？,Asana・Trelloとタンタンの違いを理解したい,Asanaとの比較
9,事業会社リーダー,競合比較,TrelloからタンタンにSwitch乗り換えるメリットは？,Asana・Trelloとタンタンの違いを理解したい,乗り換え検討
10,事業会社リーダー,競合比較,Asanaからタンタンに乗り換えるべき？,Asana・Trelloとタンタンの違いを理解したい,乗り換え検討
11,フリーランス,機能詳細,タンタンのURL共有でタスク追加できる機能はどう使うの？,URL共有でタスク追加できる機能の詳細を知りたい,機能の使い方を知りたい
12,フリーランス,機能詳細,タンタンでクライアントにタスクを追加してもらう方法は？,URL共有でタスク追加できる機能の詳細を知りたい,具体的な使い方
13,フリーランス,機能詳細,タンタンの相互タスク追加機能について詳しく教えて,URL共有でタスク追加できる機能の詳細を知りたい,機能詳細を確認
14,フリーランス,機能詳細,タンタンのタスク内チャット機能はどう使う？,タンタンの詳細を知りたい,機能の使い方
15,フリーランス,機能詳細,タンタンのSlack連携の設定方法を教えて,タンタンの詳細を知りたい,Slack連携の設定
16,マーケマネージャー,導入検討,タンタンをチームで導入するときのステップを教えて,導入のしやすさを確認したい,導入手順を知りたい
17,マーケマネージャー,導入検討,タンタンの無料プランでどこまで使える？,導入のしやすさを確認したい,無料版の範囲を確認
18,マーケマネージャー,導入検討,タンタンを試用してから有料プランに移行する流れは？,導入のしやすさを確認したい,導入フロー確認
19,マーケマネージャー,導入検討,タンタンの導入事例を教えて,導入のしやすさを確認したい,導入イメージを掴みたい
20,マーケマネージャー,導入検討,10人規模のチームでタンタンを使うときのおすすめ設定は？,導入のしやすさを確認したい,チーム規模に合った使い方
21,事業会社リーダー,外部共有比較,外部の人とタスク共有できるツールでタンタンとTrelloどっちがいい？,Asana・Trelloとタンタンの違いを理解したい,外部共有機能で比較
22,事業会社リーダー,外部共有比較,アカウント不要でタスク共有できるのはタンタンだけ？,URL共有でタスク追加できる機能の詳細を知りたい,タンタンの独自性を確認
23,事業会社リーダー,外部共有比較,クライアントにタスクを追加してもらうならどのツールがいい？,Asana・Trelloとタンタンの違いを理解したい,機能比較
24,事業会社リーダー,外部共有比較,業務委託メンバーと使うならAsanaとタンタンどっち？,Asana・Trelloとタンタンの違いを理解したい,業務委託向け
25,事業会社リーダー,外部共有比較,社外メンバーとのタスク共有が簡単なツールはどれ？,Asana・Trelloとタンタンの違いを理解したい,外部共有で比較
26,フリーランス,クライアントワーク向け,フリーランスがクライアントとタスク共有するならタンタンがいい？,Asana・Trelloとタンタンの違いを理解したい,フリーランス向け比較
27,フリーランス,クライアントワーク向け,複数クライアントを管理するならタンタンとNotionどっち？,Asana・Trelloとタンタンの違いを理解したい,Notionとの比較
28,フリーランス,クライアントワーク向け,クライアント別にURLを発行できるタスク管理ツールはタンタン以外にある？,URL共有でタスク追加できる機能の詳細を知りたい,競合確認
29,フリーランス,クライアントワーク向け,タンタンを使ってクライアントからの依頼を受け付ける方法は？,URL共有でタスク追加できる機能の詳細を知りたい,具体的な使い方
30,フリーランス,クライアントワーク向け,フリーランスのクライアントワークにタンタンが向いている理由は？,タンタンの詳細を知りたい,適合性を確認
31,マーケマネージャー,機能比較,タンタンとAsanaの機能を詳しく比較して,Asana・Trelloとタンタンの違いを理解したい,機能比較
32,マーケマネージャー,機能比較,タンタンとTrelloの機能を詳しく比較して,Asana・Trelloとタンタンの違いを理解したい,機能比較
33,マーケマネージャー,機能比較,タンタンのSlack連携とAsanaのSlack連携、どっちが使いやすい？,Asana・Trelloとタンタンの違いを理解したい,Slack連携で比較
34,マーケマネージャー,機能比較,タンタンの強みと弱みを教えて,タンタンの詳細を知りたい,メリット・デメリット
35,マーケマネージャー,機能比較,タンタンはどんなチームに向いている？,タンタンの詳細を知りたい,適合性を確認
36,事業会社リーダー,導入判断,タンタンを導入するメリットとデメリットは？,導入のしやすさを確認したい,導入判断
37,事業会社リーダー,導入判断,タンタンを導入した企業の感想を教えて,導入のしやすさを確認したい,導入事例
38,事業会社リーダー,導入判断,タンタンの導入にかかる時間と手間は？,導入のしやすさを確認したい,導入コスト
39,事業会社リーダー,導入判断,既存のワークフローにタンタンを組み込む方法は？,導入のしやすさを確認したい,導入イメージ
40,事業会社リーダー,導入判断,タンタンを試用してみて判断するときのチェックポイントは？,導入のしやすさを確認したい,試用の観点
41,フリーランス,使い方確認,タンタンの始め方を教えて,導入のしやすさを確認したい,始め方を知りたい
42,フリーランス,使い方確認,タンタンでクライアント別にプロジェクトを分ける方法は？,URL共有でタスク追加できる機能の詳細を知りたい,使い方を知りたい
43,フリーランス,使い方確認,タンタンの基本的な使い方を教えて,タンタンの詳細を知りたい,使い方を知りたい
44,フリーランス,使い方確認,タンタンを効果的に使うコツは？,タンタンの詳細を知りたい,活用方法
45,フリーランス,使い方確認,タンタンで依頼を受け付けてから完了までの流れを教えて,URL共有でタスク追加できる機能の詳細を知りたい,ワークフロー確認
46,マーケマネージャー,最終判断,マーケティングチームにタンタンは合う？,タンタンの詳細を知りたい,適合性判断
47,マーケマネージャー,最終判断,代理店・支援会社がタンタンを使うメリットは？,タンタンの詳細を知りたい,業種適合性
48,事業会社リーダー,最終判断,タンタンを使って「言った言わない」を解決できる？,タンタンの詳細を知りたい,課題解決の確認
49,事業会社リーダー,最終判断,タンタンでクライアントからの依頼を一元管理できる？,タンタンの詳細を知りたい,ニーズ充足の確認
50,フリーランス,最終判断,フリーランスがタンタンを選ぶ決め手は何？,タンタンの詳細を知りたい,最終判断
