階層,キーワード,関連ワード,Vol,態度,ペルソナ,種別
マスト,チーム タスク管理,チーム タスク管理 ツール(210),720,-,2,サービス
マスト,案件管理 ツール,,720,-,1,サービス
マスト,フリーランス タスク管理,,70,-,3,サービス
サブ,タスク管理 アプリ,タスク管理ツール おすすめ(320) / 仕事 タスク管理ツール(110),9900,情報収集,共通,記事
サブ,タスク管理 エクセル,,5400,課題認識,1,記事
サブ,進捗管理 ツール,チーム 進捗管理 ツール(10),880,課題認識,1・2,記事
サブ,タスク管理 無料,タスク管理 共有 無料(30) / タスク管理 無料 個人(20) / タスク管理 無料 チーム(10),720,情報収集,共通,記事
サブ,タスク管理 個人,,390,課題認識,3,記事
サブ,タスク管理 共有,,320,情報収集,1・2,記事
サブ,タスク管理 テンプレート,,170,情報収集,共通,記事
サブ,Notion タスク管理 チーム,,140,情報収集,2,記事
サブ,タスク管理 苦手,タスク管理 できない(70),140,課題認識,共通,記事
サブ,タスク管理 コツ,,140,課題認識,共通,記事
サブ,タスク管理 営業,,140,課題認識,1,記事
サブ,タスク管理ツール 比較,,90,情報収集,共通,記事
サブ,タスク管理 シンプル,,90,情報収集,1・3,記事
サブ,フリーランス 時間管理,フリーランス スケジュール管理(50),90,課題認識,3,記事
サブ,業務委託 管理 ツール,,70,課題認識,1・2,記事
サブ,複数案件 タスク管理,,50,課題認識,1・3,記事
サブ,タスク管理 クラウド,,50,課題認識,1・2,記事
サブ,Trello チーム,,30,情報収集,2,記事
サブ,依頼管理 ツール,,30,情報収集,1・3,サービス
サブ,Backlog 代替,,30,情報収集,1,記事
サブ,クライアント管理ツール,クライアント管理 ツール(30),30,情報収集,1・3,記事
サブ,tantan 評判,,30,比較検討,共通,サービス
サブ,デザイナー タスク管理,,20,課題認識,3,記事
サブ,Asana 代替,,20,情報収集,1,記事
サブ,Trello 代替,,20,情報収集,共通,記事
サブ,タスク管理 うまくいかない,,10,課題認識,共通,記事
サブ,Slack連携 タスク管理,,10,比較検討,1・2,サービス
サブ,情報共有 うまくいかない,,10,課題認識,2,記事
サブ,Trello フリーランス,,10,情報収集,3,記事
サブ,在宅ワーク タスク管理,,10,情報収集,3,記事
サブ,依頼フォーム 作成,,10,情報収集,3,サービス
サブ,プロジェクト管理 シンプル,,10,比較検討,2,記事
