フェーズ,No.,主キーワード,検索Vol,難易度,適合度,複合スコア
課題認識,1,タスク管理 うまくいかない,720,32,95,82.4
課題認識,2,タスク 抜け漏れ 防止,480,28,95,81.2
課題認識,3,言った言わない 防止,390,25,92,79.8
課題認識,4,タスク管理 できない,590,35,90,78.5
課題認識,5,仕事 抜け漏れ 多い,320,22,92,78.3
課題認識,6,Slack 埋もれる タスク,260,20,93,78.1
課題認識,7,依頼 一元管理,210,18,95,78.0
課題認識,8,情報共有 うまくいかない,480,30,88,77.2
課題認識,9,タスク 見落とし 防ぐ,290,24,90,76.8
課題認識,10,チーム コミュニケーション 課題,520,35,85,75.5
課題認識,11,言った言わない なくす,170,18,92,75.4
課題認識,12,タスク整理 時間かかる,180,20,90,74.8
課題認識,13,複数クライアント 管理,320,28,88,74.5
課題認識,14,業務委託 コミュニケーション,260,25,88,74.2
課題認識,15,依頼管理 大変,140,15,92,74.0
課題認識,16,フリーランス タスク管理,880,42,82,73.8
課題認識,17,Slack 通知 多すぎ,720,38,80,73.5
課題認識,18,クライアントワーク 効率化,170,20,88,73.2
課題認識,19,タスク 散らばる,110,12,93,73.0
課題認識,20,複数ツール 管理 大変,140,18,90,72.8
課題認識,21,チャット 依頼 管理,90,12,92,72.5
課題認識,22,伝達ミス 防止,210,22,85,72.2
課題認識,23,マルチタスク 限界,480,35,78,71.8
課題認識,24,業務効率化 課題,390,32,80,71.5
課題認識,25,報連相 できない,320,28,82,71.2
課題認識,26,認識齟齬 防ぐ,140,18,88,71.0
課題認識,27,情報 散らばる,170,20,85,70.8
課題認識,28,外注先 タスク管理,110,15,88,70.5
課題認識,29,ToDo 管理 うまくいかない,260,28,82,70.2
課題認識,30,スタートアップ タスク管理,210,25,82,70.0
情報収集,1,チーム タスク管理 ツール,880,35,95,81.2
情報収集,2,業務委託 タスク共有,170,18,98,81.5
情報収集,3,クライアントワーク タスク管理,140,15,98,81.8
情報収集,4,タスク共有 ツール,390,25,95,80.2
情報収集,5,シンプル タスク管理 ツール,320,22,95,80.0
情報収集,6,フリーランス タスク管理 おすすめ,480,28,95,80.5
情報収集,7,外部共有 タスク管理,90,12,98,81.2
情報収集,8,社外 タスク共有,110,15,98,81.0
情報収集,9,アカウント不要 タスク管理,90,12,98,81.0
情報収集,10,URL共有 タスク,70,10,98,80.8
情報収集,11,依頼管理 ツール,260,22,95,80.0
情報収集,12,少人数 チーム タスク管理,210,20,95,80.0
情報収集,13,タスク管理ツール 比較,2400,45,92,79.8
情報収集,14,複数人 タスク管理,590,30,93,79.8
情報収集,15,Asana Trello 比較,720,32,92,79.5
情報収集,16,導入しやすい タスク管理,110,15,95,79.5
情報収集,17,スタートアップ タスク管理,260,22,93,79.2
情報収集,18,ゲスト招待 タスク管理,110,15,95,79.2
情報収集,19,クライアント タスク共有,140,18,95,79.0
情報収集,20,タスク管理ツール おすすめ,3600,52,90,78.5
情報収集,21,タスク管理アプリ おすすめ,2900,48,90,78.2
情報収集,22,Slack連携 タスク管理,320,25,90,77.8
情報収集,23,使いやすい タスク管理,260,22,90,77.5
情報収集,24,タスク管理ツール 無料,1900,42,88,77.0
情報収集,25,案件管理 ツール,480,30,88,76.5
情報収集,26,Asana 代替,390,28,88,76.2
情報収集,27,Trello 代替,480,30,88,76.0
情報収集,28,個人事業主 タスク管理,390,28,88,76.0
情報収集,29,Notion タスク管理,2400,45,85,75.8
情報収集,30,リモートワーク タスク管理,480,32,85,74.8
比較検討,1,URL共有 タスク追加 ツール,140,15,98,82.5
比較検討,2,アカウント不要 タスク共有 ツール,170,18,98,82.2
比較検討,3,相互タスク追加 ツール,90,12,98,82.0
比較検討,4,他者からタスク追加 ツール,70,10,98,81.8
比較検討,5,タスク管理 相手から追加,50,8,98,81.5
比較検討,6,外部 タスク追加 ツール,110,15,95,80.5
比較検討,7,クライアント タスク追加,90,12,95,80.2
比較検討,8,ゲスト タスク追加,70,10,95,80.0
比較検討,9,社外共有 タスク管理 ツール,110,15,95,80.0
比較検討,10,言った言わない なくす ツール,90,12,95,80.0
比較検討,11,依頼受付 タスク管理,140,18,93,79.0
比較検討,12,業務委託 タスク共有 おすすめ,90,12,95,79.5
比較検討,13,依頼フォーム タスク管理 連携,90,12,95,80.0
比較検討,14,複数クライアント 依頼管理 ツール,110,15,93,78.2
比較検討,15,タンタン Trello 比較,20,8,95,78.0
比較検討,16,クライアントワーク タスク管理 おすすめ,140,18,92,78.0
比較検討,17,タンタン タスク管理,10,5,100,78.0
比較検討,18,tantan タスク,10,5,100,78.0
比較検討,19,タスク漏れ 防ぐ ツール,110,15,93,78.5
比較検討,20,依頼管理 効率化 ツール,170,20,90,77.5
比較検討,21,Slack タスク埋もれる 解決,170,20,90,77.0
比較検討,22,Trello から 乗り換え,170,22,88,76.5
比較検討,23,Asana から 乗り換え,140,20,88,76.2
比較検討,24,進捗共有 ツール シンプル,140,18,88,76.0
比較検討,25,タンタン 評判,10,5,95,76.0
比較検討,26,タスク管理 Trello以外,210,25,85,75.0
比較検討,27,タンタン 料金,10,5,92,74.5
比較検討,28,タスク管理 新しいツール,140,18,85,74.5
比較検討,29,チーム タスク可視化 ツール,140,18,90,77.0
比較検討,30,タンタン 使い方,10,5,90,73.0
