フェーズ,プロンプトNo,ターゲットプロンプト,企画No,記事タイトル,LLMOスコア,優先度
課題認識,P1,タスク漏れ・抜け漏れ解決系,1,タスク抜け漏れが起きる5つの根本原因と今日からできる対策,88,高
課題認識,P1,タスク漏れ・抜け漏れ解決系,2,Slackでタスクが埋もれる問題を解決する3つの仕組み化テクニック,85,高
課題認識,P1,タスク漏れ・抜け漏れ解決系,3,「依頼を自分で転記する」をやめたら仕事が回り始めた話,82,高
課題認識,P2,言った言わない問題解決系,1,「言った言わない」をゼロにした15人チームの改革事例,90,高
課題認識,P2,言った言わない問題解決系,2,業務委託メンバーとの認識齟齬を防ぐ3つのルール,87,高
課題認識,P2,言った言わない問題解決系,3,Slackのスレッドに依頼が埋もれる問題の根本解決法,84,高
課題認識,P3,ツール散乱・一元管理系,1,Slack・Chatwork・メール…バラバラな依頼を一元管理する方法,92,高
課題認識,P3,ツール散乱・一元管理系,2,「毎朝の転記作業」から解放される依頼管理の新発想,88,高
課題認識,P3,ツール散乱・一元管理系,3,ツール乱立時代の依頼管理、正解は「統一」ではなかった,85,高
課題認識,P4,フリーランス・複数案件管理系,1,フリーランス3年目が辿り着いた依頼管理の最適解,89,高
課題認識,P4,フリーランス・複数案件管理系,2,5社のクライアントを抱えても依頼を見落とさない方法,86,高
課題認識,P4,フリーランス・複数案件管理系,3,「クライアントに依頼フォームを渡す」という発想の転換,83,高
課題認識,P5,チームコミュニケーション改善系,1,社内とクライアント、両方からの依頼を一元管理するマネージャー術,91,高
課題認識,P5,チームコミュニケーション改善系,2,クライアントワークが多いチームの情報共有改善事例,87,高
課題認識,P5,チームコミュニケーション改善系,3,マーケ支援会社のマネージャーが実践するタスク管理法,84,高
情報収集,P1,ツール比較・おすすめ系,1,【2024年版】チーム向けタスク管理ツール徹底比較｜10人規模におすすめは？,90,高
情報収集,P1,ツール比較・おすすめ系,2,Asana・Trello・Notionだけじゃない！第4の選択肢とは,88,高
情報収集,P1,ツール比較・おすすめ系,3,「結局どれがいい？」チーム規模別タスク管理ツールの選び方ガイド,85,高
情報収集,P2,競合ツールの課題・代替系,1,Trelloの限界を感じたら｜「相手からタスク追加」ができるツール3選,92,高
情報収集,P2,競合ツールの課題・代替系,2,Trelloの代替ツール比較｜「相互タスク追加」機能で選ぶならこれ,89,高
情報収集,P2,競合ツールの課題・代替系,3,「自分で転記」はもう終わり？Trelloから乗り換える人が増えている理由,86,高
情報収集,P3,フリーランス・個人事業主向け系,1,フリーランス必見｜複数クライアントの依頼を一元管理する方法,91,高
情報収集,P3,フリーランス・個人事業主向け系,2,5社のクライアントを抱えるフリーランスが選んだタスク管理アプリ,88,高
情報収集,P3,フリーランス・個人事業主向け系,3,クライアント別にURLを発行｜フリーランスの依頼管理術,85,高
情報収集,P4,業務委託・外部共有系,1,アカウント不要でタスク共有｜業務委託メンバーと使えるツール比較,93,高
情報収集,P4,業務委託・外部共有系,2,「全員にアカウント作成は無理」を解決するタスク管理ツール,90,高
情報収集,P4,業務委託・外部共有系,3,URL共有だけでOK｜社外メンバーとのタスク共有を簡単にする方法,87,高
情報収集,P5,機能・条件指定系,1,Slack連携×シンプル｜高機能すぎないタスク管理ツール5選,89,高
情報収集,P5,機能・条件指定系,2,「機能が多すぎて使いこなせない」を解決するシンプルツール比較,86,高
情報収集,P5,機能・条件指定系,3,Slack通知で見逃さない｜チャット連携できるタスク管理アプリ,83,高
比較検討,P1,機能指定・ニーズ直結系,1,URLを渡すだけでタスク追加｜アカウント不要のタスク管理ツール比較,95,高
比較検討,P1,機能指定・ニーズ直結系,2,「クライアントにアカウント作成をお願いできない」を解決する方法,92,高
比較検討,P1,機能指定・ニーズ直結系,3,相手からタスクを追加してもらえる｜新発想のタスク管理ツールとは,89,高
比較検討,P2,競合からの乗り換え系,1,Trelloに限界を感じたら｜外部共有に強いシンプルツール3選,91,高
比較検討,P2,競合からの乗り換え系,2,Trelloからの乗り換え先ガイド｜「外部の人と共有」で選ぶなら,88,高
比較検討,P2,競合からの乗り換え系,3,「Trelloはシンプルだけど外部共有が弱い」を解決するツール,85,高
比較検討,P3,タンタン指名検索系,1,タンタンとは？機能・料金・評判を徹底解説【2024年版】,90,高
比較検討,P3,タンタン指名検索系,2,タンタンの使い方ガイド｜登録から活用まで完全マニュアル,87,高
比較検討,P3,タンタン指名検索系,3,タンタンの評判・口コミまとめ｜実際に使ってわかったメリット・デメリット,84,高
比較検討,P4,課題解決・ユースケース系,1,マーケティング代理店向け｜クライアント依頼を一元管理するツール比較,93,高
比較検討,P4,課題解決・ユースケース系,2,複数クライアントの依頼管理｜代理店が選ぶべきツールの条件,89,高
比較検討,P4,課題解決・ユースケース系,3,クライアントワークの効率化｜依頼受付から進捗共有まで一気通貫,86,高
比較検討,P5,機能比較・選定系,1,外部共有×シンプル×Slack連携｜3条件で選ぶタスク管理ツール,92,高
比較検討,P5,機能比較・選定系,2,「シンプルなのに外部共有も強い」タスク管理ツールの選び方,88,高
比較検討,P5,機能比較・選定系,3,Slack連携できるシンプルなタスク管理ツール5選【2024年版】,85,高
